"Quarters","Rent_EW","Rent_VW"
"CBSAID","29460","RET"
"1999Q4","6","6"
"2000Q1","6","6"
"2000Q2","6","6"
"2000Q3","12.395","13.553149606299"
"2000Q4","18.79","18.79"
"2001Q1","18.79","18.79"
"2001Q2","18.79","18.79"
"2001Q4","9","9"
"2002Q1","9","9"
"2002Q2","9","9"
"2003Q2","13.790009379517","14.979090070266"
"2003Q3","15.677509583057","16.012083759391"
"2003Q4","15.24625453396","14.762406819197"
"2004Q1","15.33642213046","17.706342975145"
"2004Q2","16.787003855768","19.136946986715"
"2004Q3","16.018824980963","17.092861630117"
"2004Q4","15.582631650771","16.903932242675"
"2005Q1","16.925010184167","19.120133053541"
"2005Q2","12.976470067903","14.572931325475"
"2005Q3","13.165237674016","14.833997564103"
"2005Q4","13.237825702363","14.665912193382"
"2006Q1","12.930386530449","13.703360443006"
"2006Q2","13.56176154606","13.672861479887"
"2006Q3","14.123867543776","12.167990384562"
"2006Q4","14.393679298609","12.454968291671"
"2007Q1","14.641215038172","13.72960863493"
"2007Q2","15.351513389493","14.18779046314"
"2007Q3","15.614424870621","14.44540395943"
"2007Q4","15.135543977751","12.979174597553"
"2008Q1","15.024010950802","13.080512395214"
"2008Q2","15.393191863492","13.422645982529"
"2008Q3","16.394538249076","14.697994807181"
"2008Q4","16.678908683899","15.33534894372"
"2009Q1","16.194351796181","15.234439563737"
"2009Q2","15.576783666327","14.339403613146"
"2009Q3","15.526986224218","14.302682074214"
"2009Q4","14.958369911569","13.910777973353"
"2010Q1","14.873549300037","13.652708178568"
"2010Q2","14.789393536339","13.551758650493"
"2010Q3","14.445889403081","13.225784651466"
"2010Q4","14.08665572817","13.091267760419"
"2011Q1","13.832334369757","12.757013120799"
"2011Q2","13.516441208148","12.460397385658"
"2011Q3","13.733839256384","12.38353709885"
"2011Q4","13.527753485471","11.939376357639"
"2012Q1","13.406574658237","11.659663162345"
"2012Q2","13.633885384839","12.401455068346"
