"Quarters","Rent_EW","Rent_VW"
"CBSAID","12100","APT"
"2006Q4","30.458984375","30.458984375"
"2007Q1","30.458984375","30.458984375"
"2007Q2","30.458984375","30.458984375"
"2007Q3","30.458984375","30.458984375"
