"Quarters","Rent_EW","Rent_VW"
"CBSAID","14260","APT"
"2006Q1","2.4","2.4"
"2006Q2","8.7","2.97008433671"
"2006Q3","8.7","2.97008433671"
"2006Q4","8.7","2.97008433671"
"2007Q1","2.4","2.4"
"2007Q2","15","15"
"2007Q3","15","15"
"2007Q4","15","15"
"2008Q1","12","12"
"2008Q2","12","12"
"2008Q3","12","12"
"2008Q4","12","12"
"2009Q1","12","12"
"2009Q2","12","12"
"2009Q3","12","12"
