"Quarters","Rent_EW","Rent_VW"
"CBSAID","14500","APT"
"2001Q3","19.520461699895","19.520461699895"
"2001Q4","17","17"
"2002Q1","17","17"
"2002Q2","17","17"
"2002Q3","17","17"
