"Quarters","Rent_EW","Rent_VW"
"CBSAID","24660","APT"
"2009Q4","12.639895013123","12.639895013123"
"2010Q1","12.639895013123","12.639895013123"
"2010Q2","12.639895013123","12.639895013123"
"2010Q3","12.639895013123","12.639895013123"
"2010Q4","12.639895013123","12.639895013123"
"2011Q1","12.639895013123","12.639895013123"
