"Quarters","Rent_EW","Rent_VW"
"CBSAID","29620","APT"
"2008Q2","20.215117084661","20.215117084661"
"2008Q3","20.215117084661","20.215117084661"
"2008Q4","18.5","18.5"
"2009Q1","18.5","18.5"
"2009Q2","18.5","18.5"
"2009Q3","18.5","18.5"
"2009Q4","18.5","18.5"
