"Quarters","Rent_EW","Rent_VW"
"CBSAID","36500","APT"
"2007Q1","20","20"
"2007Q2","20","20"
"2007Q3","20","20"
"2007Q4","20","20"
"2008Q1","20","20"
"2008Q2","20","20"
"2008Q3","18","18"
"2008Q4","21.5","19.873836126629"
"2009Q1","21.5","19.873836126629"
"2009Q2","22.5","21.514752370916"
"2009Q3","22.5","21.243781094527"
"2009Q4","20.75","18.619011489269"
"2010Q1","25","25"
"2010Q2","25","25"
