"Quarters","Rent_EW","Rent_VW"
"CBSAID","41500","APT"
"2006Q1","25.199926900584","25.199926900584"
"2006Q2","25.199926900584","25.199926900584"
"2006Q3","25.199962128384","25.199962128384"
"2006Q4","25.2","25.2"
"2007Q1","25.2","25.2"
"2007Q2","25.2","25.2"
"2007Q3","25.2","25.2"
