"Quarters","Rent_EW","Rent_VW"
"CBSAID","41620","APT"
"2006Q4","14","14"
"2007Q1","14","14"
"2007Q2","14","14"
"2007Q3","14","14"
"2007Q4","14","14"
"2008Q1","14","14"
"2008Q2","14","14"
"2008Q3","14","14"
"2008Q4","17.666666666666","23.030651925276"
"2009Q1","19.5","24.375558475689"
"2009Q2","17","19.926375270068"
"2009Q3","17","19.926375270068"
"2009Q4","17","19.926375270068"
"2010Q1","19.5","23.309698838036"
"2010Q2","25","25"
"2010Q3","25","25"
"2010Q4","25","25"
"2011Q1","25","25"
