"Quarters","Rent_EW","Rent_VW"
"CBSAID","42220","APT"
"2008Q4","24","24"
"2009Q1","24","24"
"2009Q2","25.5","26.468738300262"
"2009Q3","26.59997052104","27.162096402972"
"2009Q4","26.59997052104","27.188239786177"
"2010Q1","26","26.481122588902"
"2010Q2","26","26.481122588902"
"2010Q3","26","26.481122588902"
"2010Q4","27","27"
"2011Q1","27","27"
"2011Q2","27","27"
"2011Q3","27","27"
"2011Q4","27","27"
