"Quarters","Rent_EW","Rent_VW"
"CBSAID","49620","APT"
"2002Q4","4.759831460674","4.759831460674"
"2003Q1","4.759831460674","4.759831460674"
