"value","s.e."
"Lambda",0.861674854568424,0.861674854568424
